Date,r,xs,xb,snom,spe,sspr
2/1/1954,0.000808333,0.016742667,-0.001616667,0.0097,2.465984713,0.0107
3/1/1954,0.000858333,0.036518667,0.007077667,0.0103,2.465984713,0.009
4/1/1954,0.004525333,0.042353667,0.009380667,0.0097,2.465984713,0.009
5/1/1954,-0.003097667,0.031070667,-0.013530333,0.0076,2.465984713,0.0116
6/1/1954,0.000533333,0.011026667,0.006310667,0.0064,2.465984713,0.0128
7/1/1954,0.0006,0.050068,-0.000315,0.0072,2.465984713,0.0113
8/1/1954,0.000766667,-0.023529667,-6.96667E-05,0.0092,2.465984713,0.0098
9/1/1954,0.004558667,0.063791333,-0.001796667,0.0101,2.465984713,0.0095
10/1/1954,0.000816667,-0.017032667,-0.001513667,0.0098,2.465984713,0.0104
11/1/1954,0.000775,0.094612,-0.000388,0.0093,2.465984713,0.0116
12/1/1954,0.004689333,0.054510667,-0.001864333,0.0115,2.465984713,0.0101
1/1/1955,0.001016667,0.005821333,-0.004191667,0.0122,2.746584112,0.011
2/1/1955,0.000975,0.030379,-0.006206,0.0117,2.746584112,0.0121
3/1/1955,0.001066667,-0.002061667,0.001376333,0.0128,2.746584112,0.012
4/1/1955,0.001325,0.031027,-0.000882,0.0159,2.746584112,0.0096
5/1/1955,0.001208333,0.010824667,-0.001069333,0.0145,2.746584112,0.0111
6/1/1955,0.001175,0.064933,-0.004815,0.0141,2.746584112,0.0118
7/1/1955,-0.002411667,0.018912667,-0.008393333,0.016,2.746584112,0.0112
8/1/1955,0.001583333,0.002613667,-0.000909333,0.019,2.746584112,0.0096
9/1/1955,-0.002006,-0.003734,0.006473,0.0207,2.746584112,0.0078
10/1/1955,0.001858333,-0.027610333,0.005376667,0.0223,2.746584112,0.0053
11/1/1955,0.001866667,0.069997333,-0.007215667,0.0224,2.746584112,0.0057
12/1/1955,0.005833667,0.014426333,-0.003207667,0.0254,2.746584112,0.0039
1/1/1956,0.002008333,-0.030127333,0.008517667,0.0241,2.866191525,0.0043
2/1/1956,0.001933333,0.037676667,-0.001621333,0.0232,2.866191525,0.0042
3/1/1956,0.001875,0.066581,-0.011914,0.0225,2.866191525,0.0068
4/1/1956,-0.001564333,0.002916333,-0.002276667,0.026,2.866191525,0.006
5/1/1956,-0.001542,-0.051484,0.009021,0.0261,2.866191525,0.0047
6/1/1956,-0.005332,0.035176,-0.001783,0.0249,2.866191525,0.0048
7/1/1956,-0.005428,0.048905,-0.011411,0.0231,2.866191525,0.0081
8/1/1956,0.005816667,-0.031986667,-0.012449667,0.026,2.866191525,0.0081
9/1/1956,-0.001296333,-0.051974667,0.006799333,0.0284,2.866191525,0.0063
10/1/1956,-0.001233333,0.004875333,-0.004623667,0.029,2.866191525,0.005
11/1/1956,0.002491667,0.002186333,-0.005544667,0.0299,2.866191525,0.0057
12/1/1956,-0.000961,0.032282,-0.001736,0.0321,2.866191525,0.0049
1/1/1957,0.002591667,-0.034712667,0.021147333,0.0311,2.789147984,0.0036
2/1/1957,-0.001039667,-0.021286333,-0.003833333,0.031,2.789147984,0.0029
3/1/1957,-0.001043333,0.021545333,-0.000793667,0.0308,2.789147984,0.0038
4/1/1957,-0.001038667,0.042620667,-0.012681333,0.0307,2.789147984,0.0046
5/1/1957,-0.001034,0.034129,-0.004253,0.0306,2.789147984,0.0058
6/1/1957,-0.000829333,-0.007795667,-0.000508667,0.0329,2.789147984,0.0054
7/1/1957,-0.004483667,0.006304667,-0.000329333,0.0316,2.789147984,0.0084
8/1/1957,0.002808333,-0.052859333,-0.000621333,0.0337,2.789147984,0.0063
9/1/1957,0.002941667,-0.060527667,-0.005363667,0.0353,2.789147984,0.005
10/1/1957,0.002983333,-0.044234333,0.002885667,0.0358,2.789147984,0.005
11/1/1957,-0.000775667,0.022846667,0.028021667,0.0331,2.789147984,0.0041
12/1/1957,0.002533333,-0.039893333,0.029135667,0.0304,2.789147984,0.0004
1/1/1958,-0.005008667,0.047561667,0.001349667,0.0244,2.605741774,0.0044
2/1/1958,0.001275,-0.015532,0.012583,0.0153,2.605741774,0.0125
3/1/1958,-0.005909667,0.032616667,0.004200667,0.013,2.605741774,0.0134
4/1/1958,-0.002530333,0.029891333,0.004246333,0.0113,2.605741774,0.0133
5/1/1958,0.000758333,0.023823667,0.005264667,0.0091,2.605741774,0.015
6/1/1958,0.000691667,0.028801333,-0.007455667,0.0083,2.605741774,0.0163
7/1/1958,-0.002701667,0.044085667,-0.009811333,0.0091,2.605741774,0.0186
8/1/1958,0.004856333,0.017772667,-0.037025333,0.0169,2.605741774,0.016
9/1/1958,0.002033333,0.046646667,-0.003694333,0.0244,2.605741774,0.0125
10/1/1958,0.002191667,0.024992333,-0.001947667,0.0263,2.605741774,0.0115
11/1/1958,-0.001235,0.028385,0.009731,0.0267,2.605741774,0.0103
12/1/1958,0.005756333,0.050790667,-0.017318333,0.0277,2.605741774,0.0105
1/1/1959,-0.00111,0.00677,-0.003692,0.0282,2.889916888,0.0119
2/1/1959,0.005698,0.00897,0.00849,0.027,2.889916888,0.0126
3/1/1959,0.002333333,0.002335667,-0.006058333,0.028,2.889916888,0.0119
4/1/1959,-0.001001667,0.035440667,-0.007668333,0.0295,2.889916888,0.0117
5/1/1959,0.002366667,0.017228333,-0.002467667,0.0284,2.889916888,0.0151
6/1/1959,-0.000773,-0.001999,-0.010351,0.0321,2.889916888,0.0129
7/1/1959,-0.000769333,0.031695333,0.000695333,0.032,2.889916888,0.0138
8/1/1959,0.002816667,-0.015262667,-0.002877667,0.0338,2.889916888,0.0119
9/1/1959,-5.83333E-05,-0.048343667,0.002346333,0.0404,2.889916888,0.0086
10/1/1959,-3.8E-05,0.012371,0.017734,0.0405,2.889916888,0.0067
11/1/1959,0.003458333,0.015098667,-0.012605333,0.0415,2.889916888,0.006
12/1/1959,0.003741667,0.024301333,-0.010916667,0.0449,2.889916888,0.0052
1/1/1960,0.007026,-0.069869,0.011785,0.0435,2.906242784,0.0057
2/1/1960,-0.000113,0.011119,0.00388,0.0396,2.906242784,0.0073
3/1/1960,0.002758333,-0.015580333,0.026411667,0.0331,2.906242784,0.01
4/1/1960,-0.000709333,-0.017962667,-0.009118667,0.0323,2.906242784,0.0106
5/1/1960,0.002741667,0.031356333,0.000402333,0.0329,2.906242784,0.012
6/1/1960,-0.00134,0.020783,0.019626,0.0246,2.906242784,0.0166
7/1/1960,0.001916667,-0.024621667,0.025233333,0.023,2.906242784,0.0149
8/1/1960,0.001916667,0.030298333,-0.002720667,0.023,2.906242784,0.0132
9/1/1960,0.002066667,-0.060739667,-0.000277667,0.0248,2.906242784,0.0113
10/1/1960,-0.004840333,-0.006621667,-0.001189667,0.023,2.906242784,0.0146
11/1/1960,0.001975,0.046642,-0.007224,0.0237,2.906242784,0.0144
12/1/1960,0.001875,0.046662,0.018752,0.0225,2.906242784,0.0142
1/1/1961,0.001866667,0.062085333,-0.007809667,0.0224,2.919950757,0.0143
2/1/1961,0.002016667,0.034988333,0.007011333,0.0242,2.919950757,0.0124
3/1/1961,0.001991667,0.028618333,0.001658333,0.0239,2.919950757,0.0121
4/1/1961,0.001908333,0.003736667,0.003453667,0.0229,2.919950757,0.0128
5/1/1961,0.001908333,0.023985667,-0.004678333,0.0229,2.919950757,0.0118
6/1/1961,0.001941667,-0.030440667,-0.003860667,0.0233,2.919950757,0.0148
7/1/1961,-0.004844333,0.028088333,0.000112333,0.0224,2.919950757,0.016
8/1/1961,0.005324667,0.024862333,-3.86667E-05,0.0239,2.919950757,0.0157
9/1/1961,-0.001444,-0.02189,0.006647,0.0228,2.919950757,0.0162
10/1/1961,0.001916667,0.025414333,0.001019333,0.023,2.919950757,0.015
11/1/1961,0.002066667,0.043384333,-0.003650667,0.0248,2.919950757,0.0134
12/1/1961,0.002166667,-0.001453667,-0.002595667,0.026,2.919950757,0.0131
1/1/1962,0.002266667,-0.038413667,-0.006496667,0.0272,3.045610773,0.0122
2/1/1962,-0.001058,0.017237,0.012587,0.0273,3.045610773,0.0116
3/1/1962,0.002266667,-0.006954667,0.006965333,0.0272,3.045610773,0.0096
4/1/1962,-0.001047,-0.06571,0.000176,0.0273,3.045610773,0.0087
5/1/1962,0.002241667,-0.086861667,0.002642333,0.0269,3.045610773,0.0097
6/1/1962,0.002275,-0.08489,-0.005041,0.0273,3.045610773,0.0091
7/1/1962,-0.000877667,0.063004667,-0.003032333,0.0292,3.045610773,0.0088
8/1/1962,0.00235,0.021064,0.009796,0.0282,3.045610773,0.0089
9/1/1962,-0.000983333,-0.052470667,0.000105333,0.0278,3.045610773,0.0092
10/1/1962,0.002283333,-9.93333E-05,0.002163667,0.0274,3.045610773,0.009
11/1/1962,0.002358333,0.107778667,0.003953667,0.0283,3.045610773,0.0077
12/1/1962,0.002391667,0.009473333,0.002874333,0.0287,3.045610773,0.0069
1/1/1963,0.002425,0.049423,-0.005298,0.0291,2.945087512,0.0067
2/1/1963,0.002433333,-0.024364333,-0.000716333,0.0292,2.945087512,0.0074
3/1/1963,-0.000880667,0.030508667,0.000330667,0.0289,2.945087512,0.0079
4/1/1963,0.002416667,0.045022333,0.000934333,0.029,2.945087512,0.0084
5/1/1963,0.002441667,0.017609333,-0.001366667,0.0293,2.945087512,0.0079
6/1/1963,-0.000787333,-0.020521667,-0.001115667,0.0299,2.945087512,0.0082
7/1/1963,-0.000618,-0.004368,-0.002669,0.0318,2.945087512,0.0071
8/1/1963,0.002766667,0.049917333,-0.000955667,0.0332,2.945087512,0.0057
9/1/1963,0.002816667,-0.014714667,-0.000583667,0.0338,2.945087512,0.0058
10/1/1963,-0.000382,0.024833,-0.001768,0.0345,2.945087512,0.0052
11/1/1963,0.002933333,-0.008482333,0.001715667,0.0352,2.945087512,0.0049
12/1/1963,-0.000313667,0.018802667,-0.002973333,0.0352,2.945087512,0.0052
1/1/1964,0.002933333,0.022856667,0.000698667,0.0352,3.057941743,0.0055
2/1/1964,0.002941667,0.014265333,-0.001777667,0.0353,3.057941743,0.005
3/1/1964,0.00295,0.014686,-0.001619,0.0354,3.057941743,0.006
4/1/1964,0.002891667,0.001716333,0.000717333,0.0347,3.057941743,0.0068
5/1/1964,0.0029,0.014503,0.004837,0.0348,3.057941743,0.0057
6/1/1964,-0.000336,0.01218,0.000995,0.0348,3.057941743,0.0054
7/1/1964,-0.000342667,0.017234667,-0.000143333,0.0346,3.057941743,0.0057
8/1/1964,0.006131667,-0.014182667,-0.000202667,0.035,3.057941743,0.0055
9/1/1964,-0.000284333,0.027538333,0.001253333,0.0353,3.057941743,0.0055
10/1/1964,0.002975,0.005894,0.00027,0.0357,3.057941743,0.005
11/1/1964,-0.000181667,5.56667E-05,-0.002167333,0.0364,3.057941743,0.004
12/1/1964,0.0032,0.00049,-0.00078,0.0384,3.057941743,0.0025
1/1/1965,0.003175,0.035471,0.001815,0.0381,3.131818115,0.0029
2/1/1965,0.003275,0.003671,-0.002059,0.0393,3.131818115,0.0022
3/1/1965,7E-05,-0.01299,0.001312,0.0393,3.131818115,0.0022
4/1/1965,8E-05,0.030377,-0.000598,0.0393,3.131818115,0.0022
5/1/1965,0.003241667,-0.007591667,-0.000462667,0.0389,3.131818115,0.0026
6/1/1965,-0.003202333,-0.055034667,0.002022333,0.038,3.131818115,0.0035
7/1/1965,0.0032,0.013559,-0.001153,0.0384,3.131818115,0.0031
8/1/1965,0.0032,0.027683,-0.001277,0.0384,3.131818115,0.0036
9/1/1965,0.003266667,0.028685333,-0.004073667,0.0392,3.131818115,0.0033
10/1/1965,0.000193333,0.025912667,-0.003016333,0.0403,3.131818115,0.0031
11/1/1965,0.003408333,-0.000343333,-0.003052333,0.0409,3.131818115,0.0037
12/1/1965,0.000495,0.009895,-0.018826,0.0438,3.131818115,0.0034
1/1/1966,0.003825,0.008297,-0.003894,0.0459,3.169975364,0.0027
2/1/1966,-0.002414,-0.012496,-0.011917,0.0465,3.169975364,0.0033
3/1/1966,0.0007,-0.024748,0.014896,0.0459,3.169975364,0.0033
4/1/1966,-0.002381,0.020987,-0.005704,0.0462,3.169975364,0.0021
5/1/1966,0.003866667,-0.056405667,-0.002795667,0.0464,3.169975364,0.0025
6/1/1966,0.000654,-0.014067,-0.005491,0.045,3.169975364,0.0047
7/1/1966,0.000914,-0.01687,-0.007152,0.048,3.169975364,0.0037
8/1/1966,-0.002020667,-0.079521333,-0.016600333,0.0496,3.169975364,0.0054
9/1/1966,0.004475,-0.011433,0.019719,0.0537,3.169975364,0.0013
10/1/1966,-0.001657667,0.037835667,0.001584667,0.0535,3.169975364,-0.0008
11/1/1966,0.004433333,0.013082667,-0.003719333,0.0532,3.169975364,0.0004
12/1/1966,0.004133333,0.002076667,0.024186667,0.0496,3.169975364,0.0004
1/1/1967,0.003933333,0.081596667,0.006618667,0.0472,3.000127113,-0.0002
2/1/1967,0.0038,0.007145,-0.004804,0.0456,3.000127113,0.0018
3/1/1967,0.00051,0.039834,0.015202,0.0426,3.000127113,0.0028
4/1/1967,0.00017,0.038409,-0.010942,0.0384,3.000127113,0.0067
5/1/1967,-2.1E-05,-0.042293,0.000731,0.036,3.000127113,0.0115
6/1/1967,-0.000062,0.023953,-0.025572,0.0354,3.000127113,0.0147
7/1/1967,0.000505333,0.045680667,0.009191667,0.0421,3.000127113,0.0102
8/1/1967,0.000564333,-0.009840333,-0.007141333,0.0427,3.000127113,0.0104
9/1/1967,0.000698333,0.030602667,-0.000686333,0.0442,3.000127113,0.0098
10/1/1967,0.000824,-0.031233,-0.013623,0.0456,3.000127113,0.0101
11/1/1967,0.000974667,0.003960333,0.000188333,0.0473,3.000127113,0.0105
12/1/1967,0.001182667,0.029557333,-0.001466667,0.0497,3.000127113,0.0078
1/1/1968,-0.001733333,-0.040496667,0.010368333,0.05,3.052776478,0.0054
2/1/1968,0.001217,-0.037774,0.000509,0.0498,3.052776478,0.0061
3/1/1968,0.001384333,0.000807667,-0.006922333,0.0517,3.052776478,0.0059
4/1/1968,0.001568333,0.089664667,-0.006749333,0.0538,3.052776478,0.0031
5/1/1968,0.001809667,0.022324333,0.002320333,0.0566,3.052776478,0.0038
6/1/1968,-0.001197,0.006927,0.012064,0.0552,3.052776478,0.0033
7/1/1968,-0.001339,-0.026449,0.013202,0.0531,3.052776478,0.0029
8/1/1968,0.001376667,0.013796333,-0.002143667,0.0509,3.052776478,0.0041
9/1/1968,0.001468,0.040129,0.000871,0.0519,3.052776478,0.0029
10/1/1968,-0.001239667,0.004582667,-0.003547333,0.0535,3.052776478,0.002
11/1/1968,0.001708667,0.053960333,-0.006149667,0.0545,3.052776478,0.0021
12/1/1968,0.002141667,-0.038839667,-0.022295667,0.0596,3.052776478,0.0016
1/1/1969,0.002299667,-0.011827667,0.004154333,0.0614,3.034665029,0.0011
2/1/1969,-0.000518,-0.05874,-0.006108,0.0612,3.034665029,0.0022
3/1/1969,-0.003363333,0.025489333,0.003720333,0.0602,3.034665029,0.0039
4/1/1969,-0.000448333,0.015434333,0.003404333,0.0611,3.034665029,0.0019
5/1/1969,0.002278333,6.66667E-06,-0.013831333,0.0604,3.034665029,0.005
6/1/1969,-0.000128333,-0.072753667,-0.013762667,0.0644,3.034665029,0.0031
7/1/1969,0.000369333,-0.071005333,0.002739667,0.07,3.034665029,1E-04
8/1/1969,0.000381667,0.045673333,-0.007970667,0.0698,3.034665029,0.0005
9/1/1969,0.003205333,-0.028498333,-0.039458333,0.0709,3.034665029,0.0048
10/1/1969,0.000442333,0.049804667,0.032420667,0.07,3.034665029,0.0051
11/1/1969,0.000671333,-0.038197333,-0.012815333,0.0724,3.034665029,0.0029
12/1/1969,0.001183667,-0.026197667,-0.024619667,0.0782,3.034665029,0.0014
1/1/1970,0.003905333,-0.079812333,-0.004528333,0.0787,2.82594788,0.003
2/1/1970,0.000650667,0.050764333,0.040007333,0.0713,2.82594788,0.0069
3/1/1970,0.000262,-0.010254,0.002547,0.0663,2.82594788,0.0058
4/1/1970,-0.002428,-0.110743,-0.031397,0.0651,2.82594788,0.0099
5/1/1970,0.003103,-0.070046,0.005566,0.0684,2.82594788,0.0113
6/1/1970,0.000385667,-0.056641667,0.004400333,0.0668,2.82594788,0.0117
7/1/1970,0.00022,0.068794,0.008309,0.0645,2.82594788,0.0114
8/1/1970,0.005341667,0.044694333,0.006518333,0.0641,2.82594788,0.0116
9/1/1970,-2.8E-05,0.042436,0.010765,0.0612,2.82594788,0.0117
10/1/1970,-0.000177,-0.023133,0.009399,0.0591,2.82594788,0.0121
11/1/1970,-0.000676,0.046048,0.046232,0.0528,2.82594788,0.0119
12/1/1970,-0.000992667,0.056664667,0.000446667,0.0487,2.82594788,0.0108
1/1/1971,0.0037,0.04833,0.014349,0.0444,2.795550498,0.0145
2/1/1971,0.000570333,0.013829667,0.017480667,0.037,2.795550498,0.0186
3/1/1971,0.000310667,0.041961333,0.018809333,0.0338,2.795550498,0.0162
4/1/1971,0.000716667,0.030115333,-0.038471667,0.0386,2.795550498,0.0179
5/1/1971,-0.001538,-0.039859,-0.005841,0.0414,2.795550498,0.0214
6/1/1971,-0.003485667,-0.000839333,-0.022234333,0.0475,2.795550498,0.0178
7/1/1971,0.002037,-0.044783,-0.002157,0.054,2.795550498,0.0145
8/1/1971,0.001659667,0.038394333,0.040631333,0.0494,2.795550498,0.0161
9/1/1971,0.003908333,-0.008924333,0.002422667,0.0469,2.795550498,0.0145
10/1/1971,0.001265667,-0.044398667,0.014732333,0.0446,2.795550498,0.0147
11/1/1971,0.003516667,-0.004778667,-2.86667E-05,0.0422,2.795550498,0.0156
12/1/1971,-0.001548333,0.087915333,0.017452333,0.0401,2.795550498,0.0168
1/1/1972,0.002816667,0.025566333,-0.005956667,0.0338,2.840893929,0.0221
2/1/1972,-0.002199333,0.028682333,0.004847333,0.032,2.840893929,0.0249
3/1/1972,0.000687333,0.005613667,-0.013562333,0.0373,2.840893929,0.0214
4/1/1972,0.000676667,0.002413333,0.011908333,0.0371,2.840893929,0.0246
5/1/1972,0.000665,0.0133,0.007859,0.0369,2.840893929,0.0216
6/1/1972,0.000854333,-0.024154333,-0.007631333,0.0391,2.840893929,0.02
7/1/1972,-0.001479333,-0.007570667,0.002927333,0.0398,2.840893929,0.0199
8/1/1972,0.000963,0.032616,-0.006716,0.0402,2.840893929,0.02
9/1/1972,0.001502333,-0.011554333,0.002399667,0.0466,2.840893929,0.0159
10/1/1972,-0.000801,0.004726,0.000561,0.0474,2.840893929,0.0144
11/1/1972,0.001619333,0.045780667,0.005041667,0.0478,2.840893929,0.0134
12/1/1972,0.001867,0.007018,-0.006129,0.0507,2.840893929,0.0109
1/1/1973,0.002155333,-0.031963333,-0.003916333,0.0541,2.921419462,0.0093
2/1/1973,-0.002375333,-0.049034667,-0.012205667,0.056,2.921419462,0.01
3/1/1973,-0.004249,-0.012926,-0.002668,0.0609,2.921419462,0.0071
4/1/1973,-0.001711333,-0.056975667,0.003699333,0.0626,2.921419462,0.0041
5/1/1973,-0.001581,-0.029803,-0.000547,0.0636,2.921419462,0.0044
6/1/1973,-0.000842333,-0.014638667,-0.006297667,0.0719,2.921419462,-0.005
7/1/1973,0.004413,0.050279,-0.042252,0.0801,2.921419462,-0.0068
8/1/1973,-0.010834,-0.036873,0.026276,0.0867,2.921419462,-0.0104
9/1/1973,0.004691333,0.047028667,0.021764667,0.0829,2.921419462,-0.0124
10/1/1973,-0.002833333,-0.006443667,-0.003746667,0.0722,2.921419462,-0.0045
11/1/1973,-5.4E-05,-0.127228,-0.000316,0.0783,2.921419462,-0.0091
12/1/1973,-0.000327667,0.005216667,-0.003815333,0.0745,2.921419462,-0.0065
1/1/1974,-0.002183,-0.002067,-0.00621,0.0777,2.593307633,-0.0082
2/1/1974,-0.006942667,-0.003581333,-0.002391333,0.0712,2.593307633,-0.003
3/1/1974,-0.006078667,-0.029998333,-0.028161333,0.0796,2.593307633,-0.0065
4/1/1974,0.002757667,-0.052898667,-0.025113667,0.0833,2.593307633,-0.0041
5/1/1974,-0.005641667,-0.048840333,0.009578667,0.0823,2.593307633,-0.0005
6/1/1974,-0.001646667,-0.029525333,-0.015974333,0.079,2.593307633,0.002
7/1/1974,-0.001871333,-0.077170667,-0.004220667,0.0755,2.593307633,0.0083
8/1/1974,-0.004679333,-0.095222667,-0.008647667,0.0896,2.593307633,-0.0033
9/1/1974,-0.005283333,-0.116434667,0.025381333,0.0806,2.593307633,0.0031
10/1/1974,-0.003664333,0.159368333,0.004863333,0.0746,2.593307633,0.0051
11/1/1974,-0.001603,-0.047272,0.016024,0.0747,2.593307633,0.0021
12/1/1974,-0.001808667,-0.032963333,0.011490667,0.0715,2.593307633,0.0016
1/1/1975,0.001362667,0.136383333,0.001357333,0.0626,2.184709998,0.0115
2/1/1975,-0.003094667,0.053827667,0.010151667,0.055,2.184709998,0.0161
3/1/1975,0.000765,0.025616,-0.012963,0.0549,2.184709998,0.0181
4/1/1975,0.00088,0.041822,-0.021422,0.0561,2.184709998,0.0238
5/1/1975,-0.001312667,0.050781667,0.022909667,0.0523,2.184709998,0.0249
6/1/1975,-0.003069,0.047023,-0.00428,0.0534,2.184709998,0.0217
7/1/1975,-0.006085667,-0.065493333,-0.007220333,0.0613,2.184709998,0.0179
8/1/1975,0.003521667,-0.028923667,-0.003667667,0.0644,2.184709998,0.0189
9/1/1975,-0.000175,-0.04336,-0.003534,0.0642,2.184709998,0.0195
10/1/1975,-0.000528333,0.050890333,0.026905333,0.0596,2.184709998,0.0201
11/1/1975,-0.002719333,0.026656333,-0.006448667,0.0548,2.184709998,0.0232
12/1/1975,0.000916333,-0.015531333,0.019539667,0.0544,2.184709998,0.0232
1/1/1976,0.002256333,0.121952667,0.001193667,0.0487,2.421417675,0.0259
2/1/1976,0.000469667,0.003247333,0.002310333,0.0488,2.421417675,0.0257
3/1/1976,0.002374667,0.022632333,0.005011333,0.05,2.421417675,0.0249
4/1/1976,0.000472,-0.014439,0.0038,0.0486,2.421417675,0.0239
5/1/1976,-0.002796667,-0.013702333,-0.014107333,0.052,2.421417675,0.0239
6/1/1976,-0.000801667,0.039978667,0.005526667,0.0541,2.421417675,0.022
7/1/1976,-0.000923667,-0.010515333,0.001319667,0.0523,2.421417675,0.0226
8/1/1976,-0.000970667,-0.005718333,0.011541667,0.0514,2.421417675,0.0217
9/1/1976,0.000749333,0.020250667,0.009010667,0.0508,2.421417675,0.0205
10/1/1976,-0.001108,-0.024473,0.012318,0.0492,2.421417675,0.0183
11/1/1976,0.002231333,0.001405667,0.029408667,0.0475,2.421417675,0.0177
12/1/1976,0.000177,0.057966,0.00098,0.0435,2.421417675,0.0175
1/1/1977,-0.001305,-0.040187,-0.025832,0.0462,2.439411752,0.0196
2/1/1977,-0.006364333,-0.019651667,-0.001929667,0.0467,2.439411752,0.0216
3/1/1977,-0.002934667,-0.013079333,0.004407667,0.046,2.439411752,0.0233
4/1/1977,-0.004619667,0.001168667,0.005095667,0.0454,2.439411752,0.0225
5/1/1977,-0.000866667,-0.014918333,0.003206667,0.0496,2.439411752,0.0198
6/1/1977,-0.002449667,0.047183667,0.010777667,0.0502,2.439411752,0.0174
7/1/1977,-0.000617,-0.017135,-0.011523,0.0519,2.439411752,0.0165
8/1/1977,0.001296,-0.017918,0.003926,0.0549,2.439411752,0.0154
9/1/1977,0.001573667,-0.003267667,-0.005269667,0.0581,2.439411752,0.0123
10/1/1977,0.001876333,-0.044413333,-0.011241333,0.0616,2.439411752,0.0116
11/1/1977,0.000213333,0.040348667,0.004004667,0.061,2.439411752,0.0124
12/1/1977,0.001827333,0.003159667,-0.008442333,0.0607,2.439411752,0.0141
1/1/1978,-0.001074333,-0.060568667,-0.004692667,0.0644,2.221770998,0.0133
2/1/1978,-0.001025,-0.01465,-0.00489,0.0645,2.221770998,0.0138
3/1/1978,-0.002707333,0.028771333,-0.001239667,0.0629,2.221770998,0.0157
4/1/1978,-0.002644333,0.077599333,-0.001601667,0.0629,2.221770998,0.0169
5/1/1978,-0.004048333,0.017896333,-0.007012667,0.0641,2.221770998,0.0177
6/1/1978,-0.005244667,-0.016359333,-0.007928333,0.0673,2.221770998,0.0163
7/1/1978,-0.001827333,0.050907333,0.003683333,0.0701,2.221770998,0.0153
8/1/1978,0.001334,0.036452,0.002557,0.0708,2.221770998,0.0125
9/1/1978,-0.001034333,-0.013432667,-0.005033667,0.0785,2.221770998,0.0058
10/1/1978,-0.002364667,-0.117655333,-0.018480333,0.0799,2.221770998,0.0062
11/1/1978,0.002729,0.026592,0.007348,0.0864,2.221770998,0.002
12/1/1978,0.003115667,0.010143333,-0.020314667,0.0908,2.221770998,0
1/1/1979,-0.001071333,0.041697333,0.014985333,0.0935,2.220817668,-0.0015
2/1/1979,-0.003946333,-0.034532667,-0.014308667,0.0932,2.220817668,-0.0019
3/1/1979,-0.00223,0.057718,0.004366,0.0948,2.220817668,-0.0028
4/1/1979,-0.003577667,0.000638667,-0.005586333,0.0946,2.220817668,-0.0021
5/1/1979,-0.004739667,-0.021584333,0.013106667,0.0961,2.220817668,-0.0037
6/1/1979,-0.003639,0.0393,0.013693,0.0906,2.220817668,-0.0021
7/1/1979,-0.003365,0.007291,-0.009469,0.0924,2.220817668,-0.0034
8/1/1979,-0.001642667,0.056794667,-0.014160333,0.0952,2.220817668,-0.0046
9/1/1979,-0.00229,-0.007122,-0.010017,0.1026,2.220817668,-0.0085
10/1/1979,0.001707,-0.08241,-0.061172,0.117,2.220817668,-0.0107
11/1/1979,0.000516,0.053778,0.028784,0.1179,2.220817668,-0.0086
12/1/1979,-0.000506667,0.018178667,-0.002802333,0.1204,2.220817668,-0.0162
1/1/1980,-0.004342,0.055607,-0.024792,0.12,2.172918674,-0.0126
2/1/1980,-0.003422333,-0.009701667,-0.068738667,0.1286,2.172918674,-0.0026
3/1/1980,-0.002542333,-0.132890667,-0.002965667,0.152,2.172918674,-0.0173
4/1/1980,-0.000236,0.041288,0.095119,0.132,2.172918674,-0.0136
5/1/1980,-0.002727,0.05294,0.035911,0.0858,2.172918674,0.0137
6/1/1980,-0.005110333,0.031822333,0.006505333,0.0707,2.172918674,0.0214
7/1/1980,0.006716667,0.062721333,-0.021228667,0.0806,2.172918674,0.0147
8/1/1980,0.000353333,0.015944667,-0.054835333,0.0913,2.172918674,0.0171
9/1/1980,0.000155333,0.020939667,-0.010248333,0.1027,2.172918674,0.0135
10/1/1980,0.000159333,0.010409667,-0.030210333,0.1162,2.172918674,0.0024
11/1/1980,0.003186667,0.093509333,-0.016542667,0.1373,2.172918674,-0.009
12/1/1980,0.003551333,-0.047317333,0.025455667,0.1549,2.172918674,-0.0224
1/1/1981,0.004405667,-0.052601667,-0.008426667,0.1502,2.21768873,-0.0225
2/1/1981,0.00198,0.003196,-0.034641,0.1479,2.21768873,-0.0138
3/1/1981,0.004307333,0.035050667,0.014526667,0.1336,2.21768873,0.0005
4/1/1981,0.004628333,-0.022676333,-0.035225333,0.1369,2.21768873,0.003
5/1/1981,0.005727333,-3.23333E-05,0.013904667,0.163,2.21768873,-0.0167
6/1/1981,0.003366,-0.022517,-0.00671,0.1473,2.21768873,-0.0078
7/1/1981,0.001420333,-0.015538333,-0.036698333,0.1495,2.21768873,-0.0016
8/1/1981,0.005283,-0.069204,-0.030085,0.1551,2.21768873,0.0005
9/1/1981,0.002499,-0.076022,-0.010889,0.147,2.21768873,0.0123
10/1/1981,0.009137333,0.048878667,0.053255667,0.1354,2.21768873,0.0187
11/1/1981,0.005838,0.036799,0.058124,0.1086,2.21768873,0.0252
12/1/1981,0.005839667,-0.037137667,-0.047778667,0.1085,2.21768873,0.0275
1/1/1982,0.007042333,-0.036442333,-0.004565333,0.1228,1.997117234,0.0237
2/1/1982,0.008052333,-0.062359333,0.002402667,0.1348,1.997117234,0.0106
3/1/1982,0.011623667,-0.020665667,-0.005803667,0.1268,1.997117234,0.013
4/1/1982,0.006350333,0.032683667,0.020294667,0.127,1.997117234,0.013
5/1/1982,0.000591,-0.038287,0.000926,0.1209,1.997117234,0.0166
6/1/1982,-0.002134333,-0.034303667,-0.027093667,0.1247,1.997117234,0.0196
7/1/1982,0.004303333,-0.029984333,0.039379667,0.1135,1.997117234,0.0272
8/1/1982,0.005182333,0.111779667,0.035193667,0.0868,1.997117234,0.0432
9/1/1982,0.004553,0.010161,0.03012,0.0792,1.997117234,0.0433
10/1/1982,0.003361,0.112211,0.046216,0.0771,1.997117234,0.0309
11/1/1982,0.008762,0.04521,-3E-06,0.0807,1.997117234,0.0231
12/1/1982,0.010698667,0.007899333,0.011188333,0.0794,1.997117234,0.0228
1/1/1983,0.004501,0.0353,-0.00667,0.0786,2.180591366,0.0217
2/1/1983,0.005736333,0.023460667,0.018606667,0.0811,2.180591366,0.0215
3/1/1983,0.006958333,0.027714667,-0.010407333,0.0835,2.180591366,0.0173
4/1/1983,-0.000308333,0.067346333,0.016434333,0.0821,2.180591366,0.0181
5/1/1983,0.00074,0.006401,-0.020787,0.0819,2.180591366,0.0184
6/1/1983,0.004301,0.030513,-0.00464,0.0879,2.180591366,0.0184
7/1/1983,0.003546667,-0.039133667,-0.026181667,0.0908,2.180591366,0.0213
8/1/1983,0.004780333,-0.004320333,-0.003851333,0.0934,2.180591366,0.0229
9/1/1983,0.00251,0.008559,0.020785,0.09,2.180591366,0.0243
10/1/1983,0.004221,-0.035274,0.001174,0.0864,2.180591366,0.0264
11/1/1983,0.00532,0.022256,0.002363,0.0876,2.180591366,0.0265
12/1/1983,0.006512,-0.017964,-0.004007,0.09,2.180591366,0.0254
1/1/1984,0.001493667,-0.020439667,0.009499333,0.089,2.3048834,0.0247
2/1/1984,0.002668,-0.046648,-0.012504,0.0909,2.3048834,0.0245
3/1/1984,0.005980333,0.005455667,-0.016152333,0.0952,2.3048834,0.025
4/1/1984,0.003202,-0.005541,-0.006249,0.0969,2.3048834,0.0268
5/1/1984,0.005281667,-0.060533667,-0.038898667,0.0983,2.3048834,0.0334
6/1/1984,0.005324,0.01516,0.004491,0.0987,2.3048834,0.0361
7/1/1984,0.004576333,-0.029054333,0.035498667,0.1012,2.3048834,0.0315
8/1/1984,0.004883,0.103964,0.002043,0.1047,2.3048834,0.0221
9/1/1984,0.003856667,-0.008237667,0.011125333,0.1037,2.3048834,0.0216
10/1/1984,0.005259667,-0.008190667,0.036717333,0.0974,2.3048834,0.0232
11/1/1984,0.007175,-0.01786,0.010943,0.0861,2.3048834,0.0272
12/1/1984,0.006716667,0.016939333,0.010127333,0.0806,2.3048834,0.0301
1/1/1985,0.004567667,0.079251333,0.015942333,0.0776,2.309009409,0.0317
2/1/1985,0.002152667,0.010004333,-0.026648667,0.0827,2.309009409,0.0286
3/1/1985,0.003326,-0.008847,0.009716,0.0852,2.309009409,0.03
4/1/1985,0.001926,-0.008811,0.0165,0.0795,2.309009409,0.0306
5/1/1985,0.002491333,0.049541667,0.044470667,0.0748,2.309009409,0.0286
6/1/1985,0.002995667,0.011299333,0.003393333,0.0695,2.309009409,0.0265
7/1/1985,0.004041,-0.006151,-0.008407,0.0708,2.309009409,0.0262
8/1/1985,0.004095,-0.010745,0.011293,0.0714,2.309009409,0.0267
9/1/1985,0.003138667,-0.045741667,0.002903333,0.071,2.309009409,0.0271
10/1/1985,0.002273667,0.038474333,0.012776333,0.0716,2.309009409,0.0253
11/1/1985,0.003273333,0.063194667,0.012890667,0.0724,2.309009409,0.0204
12/1/1985,0.003164667,0.037144333,0.025550333,0.071,2.309009409,0.0163
1/1/1986,0.003146667,0.003937333,0.000736333,0.0707,2.470230582,0.0161
2/1/1986,0.008620333,0.066616667,0.022235667,0.0706,2.470230582,0.0128
3/1/1986,0.010041667,0.048418333,0.026985333,0.0656,2.470230582,0.009
4/1/1986,0.006888,-0.012953,0.001542,0.0606,2.470230582,0.0099
5/1/1986,0.002363,0.045719,-0.022585,0.0615,2.470230582,0.0137
6/1/1986,-0.000335,0.009071,0.024072,0.0621,2.470230582,0.0143
7/1/1986,0.004858333,-0.064558333,0.009571667,0.0583,2.470230582,0.0123
8/1/1986,0.002782333,0.061572667,0.022777667,0.0553,2.470230582,0.0127
9/1/1986,-0.000216333,-0.083362667,-0.010923667,0.0521,2.470230582,0.0171
10/1/1986,0.003409667,0.044986333,0.012028333,0.0518,2.470230582,0.0165
11/1/1986,0.003551333,0.010634667,0.008322667,0.0535,2.470230582,0.0141
12/1/1986,0.003702333,-0.030996333,-0.002510333,0.0553,2.470230582,0.0114
1/1/1987,-0.00181,0.123971,0.006141,0.0543,2.719862248,0.0121
2/1/1987,0.001061333,0.043259667,-0.000885333,0.0559,2.719862248,0.012
3/1/1987,0.000178333,0.019005667,-0.007891333,0.0559,2.719862248,0.012
4/1/1987,-0.000652,-0.021701,-0.028781,0.0564,2.719862248,0.0193
5/1/1987,0.001167667,0.000408333,-0.008814667,0.0566,2.719862248,0.026
6/1/1987,0.001188,0.038937,0.008705,0.0567,2.719862248,0.0235
7/1/1987,0.002098667,0.039506333,-0.003592667,0.0569,2.719862248,0.0232
8/1/1987,-0.000238667,0.032112667,-0.011087333,0.0604,2.719862248,0.0228
9/1/1987,8.83333E-05,-0.026107333,-0.024456333,0.064,2.719862248,0.0254
10/1/1987,0.002499333,-0.230471333,0.030572667,0.0613,2.719862248,0.0295
11/1/1987,0.003874667,-0.077014667,0.000928333,0.0569,2.719862248,0.0266
12/1/1987,0.004808333,0.065518667,0.008593667,0.0577,2.719862248,0.0268
1/1/1988,0.002241667,0.040038333,0.025168333,0.0581,2.640468334,0.0237
2/1/1988,0.002123667,0.046978333,0.006588333,0.0566,2.640468334,0.0205
3/1/1988,0.00044,-0.021348,-0.013997,0.057,2.640468334,0.0213
4/1/1988,-0.000225,0.006066,-0.009062,0.0591,2.640468334,0.0228
5/1/1988,0.001800667,-0.004768667,-0.012399667,0.0626,2.640468334,0.0232
6/1/1988,0.001128333,0.046076667,0.015378667,0.0646,2.640468334,0.0203
7/1/1988,0.001371333,-0.012880333,-0.011512333,0.0673,2.640468334,0.0193
8/1/1988,0.001664333,-0.033889333,-0.006342333,0.0706,2.640468334,0.0188
9/1/1988,-0.000689667,0.031168667,0.014896667,0.0724,2.640468334,0.0145
10/1/1988,0.002786,0.011521,0.011186,0.0735,2.640468334,0.0116
11/1/1988,0.005634667,-0.022878667,-0.019120667,0.0776,2.640468334,0.0103
12/1/1988,0.005062,0.01435,-0.00994,0.0807,2.640468334,0.0102
1/1/1989,0.001912667,0.059211333,0.004079333,0.0827,2.715353487,0.0088
2/1/1989,0.002979333,-0.023554333,-0.015217333,0.0853,2.715353487,0.0074
3/1/1989,0.001593,0.014115,-0.002942,0.0882,2.715353487,0.0069
4/1/1989,0.000667333,0.040995667,0.017017667,0.0865,2.715353487,0.0065
5/1/1989,0.001339,0.032313,0.013247,0.0843,2.715353487,0.0048
6/1/1989,0.004368667,-0.011657667,0.026430333,0.0815,2.715353487,0.0014
7/1/1989,0.004149667,0.070564333,0.018453333,0.0788,2.715353487,-0.0005
8/1/1989,0.004975333,0.015543667,-0.024828333,0.079,2.715353487,0.0019
9/1/1989,0.003248333,-0.007932333,-0.003549333,0.0775,2.715353487,0.0042
10/1/1989,0.001566667,-0.035651667,0.019015333,0.0764,2.715353487,0.0033
11/1/1989,0.004019333,0.011405667,0.002827667,0.0769,2.715353487,0.0012
12/1/1989,0.004769333,0.011936667,-0.004084333,0.0763,2.715353487,0.0012
1/1/1990,-0.003942333,-0.076481667,-0.016909667,0.0764,2.846962243,0.0048
2/1/1990,0.00174,0.008451,-0.005215,0.0774,2.846962243,0.0068
3/1/1990,0.001114333,0.017556667,-0.006556333,0.079,2.846962243,0.007
4/1/1990,0.004921,-0.034761,-0.012537,0.0777,2.846962243,0.01
5/1/1990,0.004123,0.082484,0.01764,0.0774,2.846962243,0.01
6/1/1990,0.001023667,-0.010637667,0.009068333,0.0773,2.846962243,0.007
7/1/1990,0.002501,-0.015753,0.009991,0.0762,2.846962243,0.0071
8/1/1990,-0.002993667,-0.098113333,-0.013731333,0.0745,2.846962243,0.0099
9/1/1990,-0.002225667,-0.059976333,0.003272667,0.0736,2.846962243,0.0115
10/1/1990,-5.4E-05,-0.018479,0.010679,0.0717,2.846962243,0.0116
11/1/1990,0.003636333,0.059860667,0.012707667,0.0706,2.846962243,0.0096
12/1/1990,0.005616667,0.023896333,0.010470333,0.0674,2.846962243,0.0099
1/1/1991,-0.000795667,0.043894667,0.004049667,0.0622,2.756142821,0.0148
2/1/1991,0.003464,0.070897,-0.000143,0.0594,2.756142821,0.0153
3/1/1991,0.003441,0.023998,-0.002354,0.0591,2.756142821,0.0186
4/1/1991,0.003227333,-0.001393333,0.006347667,0.0565,2.756142821,0.0205
5/1/1991,0.001591,0.036183,0.000971,0.0546,2.756142821,0.0224
6/1/1991,0.001691667,-0.048670667,-0.006907667,0.0557,2.756142821,0.0237
7/1/1991,0.003179,0.042145,0.008293,0.0558,2.756142821,0.0233
8/1/1991,0.001504667,0.022375333,0.019988333,0.0533,2.756142821,0.021
9/1/1991,-4.2E-05,-0.015325,0.01774,0.0522,2.756142821,0.0192
10/1/1991,0.002700333,0.013656667,0.009061667,0.0499,2.756142821,0.0188
11/1/1991,0.000889,-0.041075,0.009968,0.0456,2.756142821,0.0206
12/1/1991,0.002665667,0.103386333,0.025391333,0.0407,2.756142821,0.0212
1/1/1992,0.001716667,-0.004348667,-0.016369667,0.038,3.007217725,0.0244
2/1/1992,-0.000421,0.010154,-0.004339,0.0384,3.007217725,0.0274
3/1/1992,-0.001684333,-0.027066667,-0.009073667,0.0404,3.007217725,0.0291
4/1/1992,0.001689,0.010294,0.006136,0.0375,3.007217725,0.0303
5/1/1992,0.001591,0.003414,0.014965,0.0363,3.007217725,0.0306
6/1/1992,-0.000529,-0.022321,0.015778,0.0366,3.007217725,0.0282
7/1/1992,0.000535,0.037225,0.021241,0.0321,3.007217725,0.0263
8/1/1992,-0.000238667,-0.023428333,0.011802667,0.0313,3.007217725,0.0247
9/1/1992,-0.000414,0.010022,0.016053,0.0291,3.007217725,0.0247
10/1/1992,-0.001155667,0.008602667,-0.020008333,0.0286,3.007217725,0.0274
11/1/1992,0.001198333,0.037584667,-0.010614333,0.0313,3.007217725,0.0291
12/1/1992,0.003387333,0.015084667,0.011926667,0.0322,3.007217725,0.0286
1/1/1993,-0.002433,0.010144,0.023083,0.03,3.017046809,0.0283
2/1/1993,-0.001064333,0.002960333,0.017168333,0.0293,3.017046809,0.025
3/1/1993,-0.001035667,0.022657667,0.002964667,0.0295,3.017046809,0.0224
4/1/1993,-0.000394333,-0.027791667,0.006178333,0.0287,3.017046809,0.0226
5/1/1993,0.001077667,0.027132333,-0.004248667,0.0296,3.017046809,0.0224
6/1/1993,0.001171333,0.002881667,0.015287667,0.0307,3.017046809,0.0215
7/1/1993,0.002533333,-0.003325333,-0.001551333,0.0304,3.017046809,0.0205
8/1/1993,-0.000253333,0.036962333,0.017159333,0.0302,3.017046809,0.0201
9/1/1993,0.000386333,-0.001817333,0.002429667,0.0295,3.017046809,0.0178
10/1/1993,-0.001618333,0.015547333,-0.000835667,0.0302,3.017046809,0.0169
11/1/1993,0.001897333,-0.020189333,-0.010559333,0.031,3.017046809,0.0196
12/1/1993,0.00255,0.016965,0.000697,0.0306,3.017046809,0.0209
1/1/1994,-0.000259667,0.028982667,0.010308667,0.0298,3.067285493,0.0211
2/1/1994,-0.000711667,-0.026934333,-0.021354333,0.0325,3.067285493,0.0215
3/1/1994,-0.000491333,-0.048711667,-0.024185667,0.035,3.067285493,0.0244
4/1/1994,0.001707667,0.006411333,-0.012532667,0.0368,3.067285493,0.0284
5/1/1994,0.002772,0.00591,-0.002741,0.0414,3.067285493,0.0264
6/1/1994,6E-05,-0.031359,-0.005962,0.0414,3.067285493,0.0256
7/1/1994,0.000905333,0.027024667,0.012323667,0.0433,3.067285493,0.0258
8/1/1994,-0.000309667,0.038863667,0.000321667,0.0448,3.067285493,0.024
9/1/1994,0.001165,-0.022213,-0.018163,0.0462,3.067285493,0.0246
10/1/1994,0.003456,0.010395,-0.005835,0.0495,3.067285493,0.0245
11/1/1994,0.003070333,-0.041627333,-0.010133333,0.0529,3.067285493,0.0243
12/1/1994,0.004666667,0.007942333,-0.000253667,0.056,3.067285493,0.0218
1/1/1995,0.000750333,0.015640667,0.013426667,0.0571,2.993124613,0.0205
2/1/1995,0.000816333,0.034806667,0.018614667,0.0577,2.993124613,0.016
3/1/1995,0.001462,0.022266,0.001118,0.0573,2.993124613,0.0132
4/1/1995,0.001405333,0.020339667,0.009458667,0.0565,2.993124613,0.0121
5/1/1995,0.00275,0.029282,0.033215,0.0567,2.993124613,0.0074
6/1/1995,0.002587333,0.026614667,0.004248667,0.0547,2.993124613,0.0046
7/1/1995,0.004516667,0.036266333,-0.007503667,0.0542,2.993124613,0.0059
8/1/1995,0.001877,0.004804,0.004954,0.054,2.993124613,0.0084
9/1/1995,0.002438,0.031963,0.001159,0.0528,2.993124613,0.0072
10/1/1995,0.001136,-0.015717,0.009228,0.0528,2.993124613,0.0058
11/1/1995,0.005117667,0.038341333,0.011590333,0.0536,2.993124613,0.0033
12/1/1995,0.004934333,0.010906667,0.005132667,0.0514,2.993124613,0.0037
1/1/1996,-0.001696333,0.023974333,0.005279333,0.05,3.189982161,0.0036
2/1/1996,0.000787,0.012285,-0.017787,0.0483,3.189982161,0.0055
3/1/1996,-0.001031667,0.006793667,-0.014747333,0.0496,3.189982161,0.0101
4/1/1996,0.000271,0.021386,-0.010734,0.0495,3.189982161,0.0135
5/1/1996,0.002264333,0.022618667,-0.006822333,0.0502,3.189982161,0.0146
6/1/1996,0.003602667,-0.012539667,0.007044333,0.0509,3.189982161,0.016
7/1/1996,0.002377667,-0.058110667,-0.002326667,0.0515,3.189982161,0.0149
8/1/1996,0.002297333,0.028254667,-0.005166333,0.0505,3.189982161,0.0134
9/1/1996,0.001062667,0.048793333,0.011853333,0.0509,3.189982161,0.0151
10/1/1996,0.000989333,0.009580667,0.016750667,0.0499,3.189982161,0.0128
11/1/1996,0.002296667,0.061377333,0.011390333,0.0503,3.189982161,0.0094
12/1/1996,0.004091667,-0.015479667,-0.015405667,0.0491,3.189982161,0.0116
1/1/1997,0.001038667,0.049281333,-0.001093667,0.0503,3.313968805,0.013
2/1/1997,0.001032,-0.005297,-0.005571,0.0501,3.313968805,0.0119
3/1/1997,0.001777333,-0.049151333,-0.014548333,0.0514,3.313968805,0.014
4/1/1997,0.00305,0.038073,0.008836,0.0516,3.313968805,0.016
5/1/1997,0.004832333,0.067415667,0.005142667,0.0505,3.313968805,0.0152
6/1/1997,0.002859333,0.039986667,0.005318667,0.0493,3.313968805,0.0145
7/1/1997,0.002960333,0.072305667,0.020494667,0.0505,3.313968805,0.0107
8/1/1997,0.002414333,-0.040573333,-0.012295333,0.0514,3.313968805,0.0102
9/1/1997,0.001637,0.054374,0.009208,0.0495,3.313968805,0.0116
10/1/1997,0.001660667,-0.038577667,0.008496333,0.0497,3.313968805,0.0096
11/1/1997,0.004902333,0.026120667,-0.003140333,0.0514,3.313968805,0.0066
12/1/1997,0.005538,0.013517,0.005477,0.0516,3.313968805,0.0061
1/1/1998,0.00234,0.000302,0.0138,0.0504,3.474769925,0.0038
2/1/1998,0.002385667,0.069061333,-0.009020667,0.0509,3.474769925,0.004
3/1/1998,0.002338667,0.047109333,-0.001736667,0.0503,3.474769925,0.0058
4/1/1998,0.002275,0.006779,0.000703,0.0495,3.474769925,0.0066
5/1/1998,0.002320667,-0.029914667,0.001643333,0.05,3.474769925,0.0063
6/1/1998,0.002921,0.027794,0.003111,0.0498,3.474769925,0.0054
7/1/1998,0.002906333,-0.027500333,-0.000386333,0.0496,3.474769925,0.005
8/1/1998,0.002858333,-0.161927333,0.024598667,0.049,3.474769925,0.0037
9/1/1998,0.002617667,0.059985333,0.023146333,0.0461,3.474769925,1E-04
10/1/1998,0.000855,0.071093,-0.003474,0.0396,3.474769925,0.0022
11/1/1998,0.003675,0.058348,-0.008194,0.0441,3.474769925,0.0013
12/1/1998,0.004268333,0.059392667,-0.001890333,0.0439,3.474769925,0.0006
1/1/1999,0.001175667,0.034839333,0.002854333,0.0434,3.699757362,0.0026
2/1/1999,0.002483,-0.041785,-0.029661,0.0444,3.699757362,0.0047
3/1/1999,0.00066,0.034232,0.005204,0.0444,3.699757362,0.007
4/1/1999,-0.003698,0.04553,-0.001272,0.0429,3.699757362,0.0079
5/1/1999,0.00375,-0.024457,-0.016965,0.045,3.699757362,0.0094
6/1/1999,0.003808333,0.047012667,-0.000610333,0.0457,3.699757362,0.0124
7/1/1999,0.000783667,-0.034507667,-0.003439667,0.0455,3.699757362,0.0113
8/1/1999,0.001533333,-0.013919333,-0.002007333,0.0472,3.699757362,0.0112
9/1/1999,-0.000888,-0.026745,0.005843,0.0468,3.699757362,0.0112
10/1/1999,0.002263,0.058096,-0.005176,0.0486,3.699757362,0.0117
11/1/1999,0.00363,0.032598,-0.00513,0.0507,3.699757362,0.009
12/1/1999,0.004333333,0.079424667,-0.009187333,0.052,3.699757362,0.0099
1/1/2000,0.001462333,-0.044045333,-0.010020333,0.0532,3.750374326,0.0126
2/1/2000,-0.001299,0.027153,0.004544,0.0555,3.750374326,0.0113
3/1/2000,-0.003503333,0.048758333,0.012893333,0.0569,3.750374326,0.0081
4/1/2000,0.004132667,-0.064243667,-0.008990667,0.0566,3.750374326,0.006
5/1/2000,0.003657,-0.043696,7.8E-05,0.0579,3.750374326,0.009
6/1/2000,-0.000506333,0.046856333,0.013759333,0.0569,3.750374326,0.0061
7/1/2000,0.002646667,-0.022678667,0.002233333,0.0596,3.750374326,0.0022
8/1/2000,0.005075,0.069932,0.008229,0.0609,3.750374326,-0.0003
9/1/2000,-0.000208,-0.056145,0.005004,0.06,3.750374326,-0.0007
10/1/2000,0.003364667,-0.029583667,0.003002333,0.0611,3.750374326,-0.0033
11/1/2000,0.004566667,-0.107512667,0.011185333,0.0617,3.750374326,-0.0047
12/1/2000,0.005382333,0.015617667,0.018546667,0.0577,3.750374326,-0.006
1/1/2001,-0.002030333,0.035307333,0.009218333,0.0515,3.586542225,-0.0029
2/1/2001,6.86667E-05,-0.103165667,0.007243333,0.0488,3.586542225,0.0001
3/1/2001,0.001408333,-0.074073333,0.004575667,0.0442,3.586542225,0.0022
4/1/2001,-0.000748,0.080606,-0.011462,0.0387,3.586542225,0.0089
5/1/2001,-0.001505333,0.007441333,-0.001005667,0.0362,3.586542225,0.0131
6/1/2001,0.001220333,-0.020462333,-0.000678333,0.0349,3.586542225,0.0132
7/1/2001,0.005734,-0.021219,0.019481,0.0351,3.586542225,0.0125
8/1/2001,0.0028,-0.06178,0.009176,0.0336,3.586542225,0.0121
9/1/2001,-0.002307,-0.093688,0.021623,0.0264,3.586542225,0.0148
10/1/2001,0.005165,0.026033,0.018908,0.0216,3.586542225,0.0175
11/1/2001,0.003246333,0.077221667,-0.019857333,0.0187,3.586542225,0.021
12/1/2001,0.005354333,0.016439667,-0.010435333,0.0169,3.586542225,0.027
1/1/2002,-0.000889,-0.017352,0.002548,0.0165,3.405803835,0.0269
2/1/2002,-0.002511333,-0.023136667,0.010223333,0.0173,3.405803835,0.0257
3/1/2002,-0.004132333,0.043190333,-0.024744667,0.0179,3.405803835,0.0295
4/1/2002,-0.004159667,-0.051050333,0.022289667,0.0172,3.405803835,0.0293
5/1/2002,0.001441667,-0.011964667,0.009405333,0.0173,3.405803835,0.0276
6/1/2002,0.000860667,-0.071665667,0.014915333,0.017,3.405803835,0.0249
7/1/2002,0.000288,-0.08255,0.026637,0.0168,3.405803835,0.0213
8/1/2002,-0.001981,0.006629,0.015475,0.0162,3.405803835,0.0167
9/1/2002,-0.000301667,-0.101278333,0.028847667,0.0163,3.405803835,0.0131
10/1/2002,-0.000340333,0.073606333,-0.004794667,0.0158,3.405803835,0.0137
11/1/2002,0.001025,0.060246,-0.018102,0.0123,3.405803835,0.0182
12/1/2002,0.003197667,-0.054304667,0.027056333,0.0119,3.405803835,0.0184
1/1/2003,-0.003447,-0.024367,-0.007142,0.0117,3.130577328,0.0188
2/1/2003,-0.00673,-0.016365,0.015718,0.0117,3.130577328,0.0173
3/1/2003,-0.005066333,0.009383333,-0.000921667,0.0113,3.130577328,0.0165
4/1/2003,0.003113667,0.081820333,0.000795333,0.0113,3.130577328,0.018
5/1/2003,0.002523667,0.062579333,0.024323333,0.0107,3.130577328,0.0145
6/1/2003,-0.000323333,0.015569333,-0.003557667,0.0092,3.130577328,0.0135
7/1/2003,-0.000339,0.022362,-0.03144,0.009,3.130577328,0.0197
8/1/2003,-0.003014333,0.024174333,-0.003415667,0.0095,3.130577328,0.0242
9/1/2003,-0.002466667,-0.009895333,0.032637667,0.0094,3.130577328,0.0224
10/1/2003,0.001846667,0.059552333,-0.015359667,0.0092,3.130577328,0.0227
11/1/2003,0.003478,0.015818,-0.001456,0.0093,3.130577328,0.0236
12/1/2003,0.001834,0.044739,0.009296,0.009,3.130577328,0.0237
1/1/2004,-0.004149667,0.022317667,0.004850667,0.0088,3.294612346,0.0224
2/1/2004,-0.004625,0.014683,0.01165,0.0093,3.294612346,0.0214
3/1/2004,-0.005661667,-0.011457333,0.010490667,0.0094,3.294612346,0.0185
4/1/2004,-0.002418667,-0.025015333,-0.034592333,0.0094,3.294612346,0.0245
5/1/2004,-0.005001,0.013218,-0.005777,0.0102,3.294612346,0.0283
6/1/2004,-0.002114667,0.020519667,0.004511667,0.0127,3.294612346,0.0266
7/1/2004,0.002689333,-0.038774333,0.006494667,0.0133,3.294612346,0.0236
8/1/2004,0.000705333,0.001480667,0.019143667,0.0148,3.294612346,0.0199
9/1/2004,-0.000736,0.019172,-0.000777,0.0165,3.294612346,0.0171
10/1/2004,-0.003799333,0.016338333,0.005444333,0.0176,3.294612346,0.0159
11/1/2004,0.001201,0.046482,-0.016568,0.0207,3.294612346,0.0146
12/1/2004,0.00549,0.033352,0.005665,0.0219,3.294612346,0.0141
1/1/2005,-0.000160333,-0.028493667,-0.001530667,0.0233,3.263007096,0.0138
2/1/2005,-0.003651333,0.020564333,-0.012661667,0.0254,3.263007096,0.0123
3/1/2005,-0.005537667,-0.019231333,-0.005144333,0.0274,3.263007096,0.0143
4/1/2005,-0.004408333,-0.027501667,0.013032333,0.0278,3.263007096,0.0122
5/1/2005,0.003394667,0.035589333,0.007787333,0.0284,3.263007096,0.0101
6/1/2005,0.001961,0.009058,0.002098,0.0297,3.263007096,0.008
7/1/2005,-0.001943667,0.040641667,-0.017743333,0.0322,3.263007096,0.0076
8/1/2005,-0.002251333,-0.008812667,0.012816333,0.0344,3.263007096,0.0068
9/1/2005,-0.00937,0.007756,-0.014922,0.0342,3.263007096,0.0059
10/1/2005,0.001079667,-0.023968667,-0.011834667,0.0371,3.263007096,0.0062
11/1/2005,0.011265333,0.037095667,0.001080667,0.0388,3.263007096,0.0057
12/1/2005,0.007290667,0.000214333,0.002564333,0.0389,3.263007096,0.005
1/1/2006,-0.004088667,0.036499667,-0.005794333,0.0424,3.248630288,0.0011
2/1/2006,0.001674667,-0.005331667,-0.005403667,0.0443,3.248630288,0.0014
3/1/2006,-0.001777667,0.015294667,-0.009917333,0.0451,3.248630288,0.0021
4/1/2006,-0.004675667,0.009131667,-0.005125333,0.046,3.248630288,0.003
5/1/2006,-0.001029667,-0.034978333,-0.005743333,0.0472,3.248630288,0.0028
6/1/2006,0.002016667,-0.004377667,-0.003035667,0.0479,3.248630288,0.0028
7/1/2006,0.001168,-0.006009,0.009011,0.0495,3.248630288,0.0009
8/1/2006,0.002167333,0.020914667,0.009252667,0.0496,3.248630288,-0.0014
9/1/2006,0.008912333,0.015415667,0.003937667,0.0481,3.248630288,-0.0014
10/1/2006,0.009521,0.033034,-0.00011,0.0492,3.248630288,-0.0023
11/1/2006,0.005603667,0.019588333,0.004457333,0.0494,3.248630288,-0.0036
12/1/2006,0.002552667,0.006812333,-0.011531667,0.0485,3.248630288,-0.0032
1/1/2007,0.001097,0.015254,-0.004913,0.0498,3.274136407,-0.0023
2/1/2007,-0.001158333,-0.018185667,0.011316333,0.0503,3.274136407,-0.0032
3/1/2007,-0.004989333,0.008829333,-0.001063667,0.0494,3.274136407,-0.0046
4/1/2007,-0.002437667,0.035762667,0.000328667,0.0487,3.274136407,-0.0028
5/1/2007,-0.002169333,0.034990333,-0.015000667,0.0473,3.274136407,-0.0006
6/1/2007,0.001903667,-0.018595667,-0.003042667,0.0461,3.274136407,0.0042
7/1/2007,0.004270667,-0.035774667,0.014810333,0.0482,3.274136407,0.0006
8/1/2007,0.005334,0.008131,0.013903,0.042,3.274136407,0.0023
9/1/2007,0.000485667,0.037607333,0.001052333,0.0389,3.274136407,0.0031
10/1/2007,0.001111,0.022583,0.004046,0.039,3.274136407,0.003
11/1/2007,-0.003215,-0.052052,0.034758,0.0327,3.274136407,0.004
12/1/2007,0.003171,-0.006928,-0.001828,0.03,3.274136407,0.0049
1/1/2008,-0.002679333,-0.064438667,0.031659333,0.0275,3.174288766,0.0023
2/1/2008,-0.001137333,-0.023430667,0.013074333,0.0212,3.174288766,0.0066
3/1/2008,-0.007618,-0.01147,0.003473,0.0126,3.174288766,0.0122
4/1/2008,-0.00499,0.050031,-0.024977,0.0129,3.174288766,0.0155
5/1/2008,-0.006979333,0.022399333,-0.016680667,0.0173,3.174288766,0.0142
6/1/2008,-0.008527,-0.079983,0.005478,0.0186,3.174288766,0.0163
7/1/2008,-0.003892667,-0.014686333,0.005890667,0.0163,3.174288766,0.0167
8/1/2008,0.005425333,0.009129667,0.007430667,0.0172,3.174288766,0.0142
9/1/2008,0.002324667,-0.098948667,0.008257333,0.0113,3.174288766,0.0175
10/1/2008,0.010659333,-0.185179333,0.010285667,0.0067,3.174288766,0.0206
11/1/2008,0.019311333,-0.084773333,0.045074667,0.0019,3.174288766,0.021
12/1/2008,0.010367,0.022123,0.023014,0.0003,3.174288766,0.0149
1/1/2009,-0.004243667,-0.077432333,-0.016999333,0.0013,2.76893455,0.0147
2/1/2009,-0.004723,-0.100462,-0.005286,0.003,2.76893455,0.0157
3/1/2009,-0.002257,0.086515,0.018549,0.0021,2.76893455,0.0161
4/1/2009,-0.002362667,0.109225667,-0.016883333,0.0016,2.76893455,0.017
5/1/2009,-0.002739,0.067638,-0.013398,0.0018,2.76893455,0.0195
6/1/2009,-0.00844,-0.003248,-0.007461,0.0018,2.76893455,0.0253
7/1/2009,0.001736,0.081569,0.005885,0.0018,2.76893455,0.0228
8/1/2009,-0.002101333,0.031317333,0.009375333,0.0017,2.76893455,0.024
9/1/2009,-0.000525,0.045122,0.006363,0.0012,2.76893455,0.0225
10/1/2009,-0.000904667,-0.028051333,0.003562667,0.0007,2.76893455,0.0226
11/1/2009,-0.000666333,0.057056333,0.018379333,0.0005,2.76893455,0.0218
12/1/2009,0.001802667,0.028377333,-0.027520667,0.0005,2.76893455,0.0229
1/1/2010,-0.003367,-0.037146,0.018514,0.0006,3.023583476,0.0242
2/1/2010,-0.000157333,0.034683333,0.004402333,0.0011,3.023583476,0.0225
3/1/2010,-0.003981,0.063481,-0.007852,0.0015,3.023583476,0.0228
4/1/2010,-0.001603667,0.019909667,0.008941667,0.0016,3.023583476,0.0242
5/1/2010,-0.000641667,-0.079270333,0.014945667,0.0016,3.023583476,0.0202
6/1/2010,0.001076,-0.050817,0.018277,0.0012,3.023583476,0.0188
7/1/2010,-7.76667E-05,0.070159667,0.010882667,0.0016,3.023583476,0.016
8/1/2010,-0.001247667,-0.042946333,0.013594667,0.0016,3.023583476,0.0131
9/1/2010,-0.000457,0.091392,0.005111,0.0015,3.023583476,0.0126
10/1/2010,-0.001136667,0.038422667,0.006148667,0.0013,3.023583476,0.0105
11/1/2010,-0.000304333,0.004990333,-0.012271667,0.0014,3.023583476,0.0121
12/1/2010,-0.001601333,0.067033333,-0.022439667,0.0014,3.023583476,0.0179
1/1/2011,-0.004638,0.019031,0.006577,0.0015,3.114064807,0.0184
2/1/2011,-0.004822667,0.038056667,-0.006028333,0.0013,3.114064807,0.0213
3/1/2011,-0.009667667,0.003282667,-0.002467333,0.001,3.114064807,0.0201
4/1/2011,-0.006389,0.028638,0.017065,0.0006,3.114064807,0.0211
5/1/2011,-0.004670667,-0.014968333,0.016150667,0.0004,3.114064807,0.018
6/1/2011,0.001104333,-0.018428333,0.000574667,0.0004,3.114064807,0.0154
7/1/2011,-0.000852667,-0.022503333,0.021143667,0.0004,3.114064807,0.015
8/1/2011,-0.002741333,-0.057488667,0.020547333,0.0002,3.114064807,0.01
9/1/2011,-0.001509667,-0.084880333,0.002413667,0.0001,3.114064807,0.0089
10/1/2011,0.002079667,0.113965333,0.000660333,0.0002,3.114064807,0.0104
11/1/2011,0.000852333,-0.006235333,0.002614667,0.0001,3.114064807,0.009
12/1/2011,0.002475333,0.003694667,0.006509667,0.0001,3.114064807,0.0088
1/1/2012,-0.004375,0.054052,0.007948,0.0003,3.008942027,0.0081
2/1/2012,-0.004328,0.04111,-0.005796,0.0009,3.008942027,0.0074
3/1/2012,-0.007528333,0.023927333,-0.007175667,0.0008,3.008942027,0.0094
4/1/2012,-0.002954333,-0.006867667,0.011995333,0.0008,3.008942027,0.0081
5/1/2012,0.001248,-0.065605,0.008315,0.0009,3.008942027,0.0067
6/1/2012,0.001541,0.038081,-0.00146,0.0009,3.008942027,0.0062
7/1/2012,0.001713333,0.010182667,0.008137667,0.001,3.008942027,0.0052
8/1/2012,-0.005481667,0.026181667,0.000990667,0.001,3.008942027,0.0061
9/1/2012,-0.004370333,0.026447333,0.000153333,0.0011,3.008942027,0.0056
10/1/2012,0.000472333,-0.014184333,-0.003734333,0.001,3.008942027,0.0061
11/1/2012,0.004813,0.006117,0.007106,0.0009,3.008942027,0.0058
12/1/2012,0.002751333,0.012472667,-0.003194333,0.0007,3.008942027,0.0063
,,,,,,
,,,,,,
,,,,,,
,,,,,,
,,,,,,
,,,,,,
,,,,,,
,,,,,,
,,,,,,
,,,,,,
,,,,,,
,,,,,,
,,,,,,
,,,,,,
,,,,,,
,,,,,,
,,,,,,
,,,,,,
,,,,,,
,,,,,,
,,,,,,
,,,,,,
,,,,,,
,,,,,,
,,,,,,
,,,,,,
,,,,,,
,,,,,,
,,,,,,
,,,,,,
,,,,,,
,,,,,,
,,,,,,
,,,,,,
,,,,,,
,,,,,,
,,,,,,
,,,,,,
,,,,,,
,,,,,,
,,,,,,
,,,,,,
,,,,,,
,,,,,,
,,,,,,
,,,,,,
,,,,,,
,,,,,,
